{"cameraMode":{"drawMode":0,"name":"Shaded","section":"Shading Mode"},"sceneLighting":true,"audioPlay":false,"sceneViewState":{"m_AlwaysRefresh":false,"showFog":true,"showSkybox":true,"showFlares":true,"showImageEffects":true,"showParticleSystems":true,"showVisualEffectGraphs":true,"m_FxEnabled":true},"in2DMode":false,"pivot":{"x":-17.868389129638673,"y":10.498566627502442,"z":2.9931130409240724},"rotation":{"x":0.15217450261116029,"y":0.7565745115280151,"z":-0.18945056200027467,"w":0.6073808073997498},"size":0.8660253882408142,"orthographic":false}