{"cameraMode":{"drawMode":0,"name":"Shaded","section":"Shading Mode"},"sceneLighting":true,"audioPlay":false,"sceneViewState":{"m_AlwaysRefresh":false,"showFog":true,"showSkybox":true,"showFlares":true,"showImageEffects":true,"showParticleSystems":true,"showVisualEffectGraphs":true,"m_FxEnabled":true},"in2DMode":false,"pivot":{"x":29.674551010131837,"y":12.625529289245606,"z":-3.7444164752960207},"rotation":{"x":-0.23850566148757935,"y":0.634459376335144,"z":-0.21518288552761079,"w":-0.7031225562095642},"size":1.9550303220748902,"orthographic":false}